{"tipOperacion":"0101","fecEmision":"2025-02-18","fecVencimiento":"2025-02-18","tipComp":"01","serieComp":"F001","numeroComp":"00000002","tipDocUsuario":"6","codCliente":"2","numDocUsuario":"20546899692","rznSocialUsuario":"CR COBRANZAS RECUPERACIONES ABOGADOS S.R.L.","codPaisCliente":"PE","codLocalEmisor":"","desDireccionCliente":"MZ 9 LOTE 9 ARRIBA PERU","deptCliente":"Lima","provCliente":"Lima ","distCliente":"Surquillo","urbCliente":"","codUbigeoCliente":"150141","tipMoneda":"PEN","tipCambio":"0.00","Gravada":"0.00","Exonerada":"10.00","Inafecta":"0.00","Gratuita":"0.00","Anticipo":"0.00","DsctoGlobal":"0.00","otrosCargos":"0.00","mtoIgv":"0","mtoTotal":"10.00","servidorSunat":"3","envioSunat":true,"UBL":"2.1","idserie":"1","numdias":"0","Cat10":"00","Cat09":"00","docRef":"","CodDir":"","tipPago":"01","accion":false,"obs":null,"saltosLinea":"1","impresion":"A4","rucEmp":"10083182003","dirEmp":"","emailCli":null,"items":[{"CodItem":"1","codUnidadMedida":"ZZ","ctdUnidadItem":"1","codProducto":"1","desItem":"SUETER OVERSIZE","mtoValorUnitario":"10.00","mtoDsctoItem":"0.00","mtoIgvItem":"0","tipAfeIGV":"20","tipPrecio":"01","mtoPrecioVentaItem":"10.00","mtoValorVentaItem":"10.00","porcentajeIgv":"0"}]}