{"tipOperacion":"0101","fecEmision":"2025-04-07","fecVencimiento":"2025-04-07","tipComp":"03","serieComp":"B003","numeroComp":"00000023","tipDocUsuario":"0","codCliente":"1","numDocUsuario":"00000000","rznSocialUsuario":"CLIENTES VARIOS","codPaisCliente":"PE","codLocalEmisor":"","desDireccionCliente":"-","deptCliente":"San Martin","provCliente":"San Martin ","distCliente":"Tarapoto","urbCliente":"","codUbigeoCliente":"220901","tipMoneda":"PEN","tipCambio":"0.00","Gravada":"313.56","Exonerada":"0.00","Inafecta":"0.00","Gratuita":"0.00","Anticipo":"0.00","DsctoGlobal":"0.00","otrosCargos":"0.00","mtoIgv":"56.44","mtoTotal":"370.00","servidorSunat":"3","envioSunat":true,"UBL":"2.1","idserie":"2","numdias":"0","Cat10":"00","Cat09":"00","docRef":"","CodDir":"","tipPago":"01","accion":false,"obs":"","saltosLinea":"1","impresion":"A4","rucEmp":"10083182003","dirEmp":"","emailCli":null,"items":[{"CodItem":"61","codUnidadMedida":"NIU","ctdUnidadItem":"300","codProducto":"61","desItem":"CREMAS","mtoValorUnitario":"127.12","mtoDsctoItem":"0.00","mtoIgvItem":"22.88","tipAfeIGV":"10","tipPrecio":"01","mtoPrecioVentaItem":"150.00","mtoValorVentaItem":"127.12","porcentajeIgv":"18"},{"CodItem":"62","codUnidadMedida":"NIU","ctdUnidadItem":"300","codProducto":"62","desItem":"PALETAS","mtoValorUnitario":"101.69","mtoDsctoItem":"0.00","mtoIgvItem":"18.31","tipAfeIGV":"10","tipPrecio":"01","mtoPrecioVentaItem":"120.00","mtoValorVentaItem":"101.69","porcentajeIgv":"18"},{"CodItem":"63","codUnidadMedida":"NIU","ctdUnidadItem":"100","codProducto":"63","desItem":"VASITOS","mtoValorUnitario":"84.75","mtoDsctoItem":"0.00","mtoIgvItem":"15.25","tipAfeIGV":"10","tipPrecio":"01","mtoPrecioVentaItem":"100.00","mtoValorVentaItem":"84.75","porcentajeIgv":"18"}]}