{"tipOperacion":"0101","fecEmision":"2025-04-26","fecVencimiento":"2025-04-26","tipComp":"03","serieComp":"B003","numeroComp":"00000034","tipDocUsuario":"0","codCliente":"1","numDocUsuario":"00000000","rznSocialUsuario":"CLIENTES VARIOS","codPaisCliente":"PE","codLocalEmisor":"","desDireccionCliente":"-","deptCliente":"San Martin","provCliente":"San Martin ","distCliente":"Tarapoto","urbCliente":"","codUbigeoCliente":"220901","tipMoneda":"PEN","tipCambio":"0.00","Gravada":"398.30","Exonerada":"0.00","Inafecta":"0.00","Gratuita":"0.00","Anticipo":"0.00","DsctoGlobal":"0.00","otrosCargos":"0.00","mtoIgv":"71.7","mtoTotal":"470.00","servidorSunat":"3","envioSunat":true,"UBL":"2.1","idserie":"2","numdias":"0","Cat10":"00","Cat09":"00","docRef":"","CodDir":"","tipPago":"01","accion":false,"obs":null,"saltosLinea":"1","impresion":"A4","rucEmp":"10083182003","dirEmp":"","emailCli":null,"items":[{"CodItem":"83","codUnidadMedida":"NIU","ctdUnidadItem":"300","codProducto":"83","desItem":"CHISPEKAS","mtoValorUnitario":"127.12","mtoDsctoItem":"0.00","mtoIgvItem":"22.88","tipAfeIGV":"10","tipPrecio":"01","mtoPrecioVentaItem":"150.00","mtoValorVentaItem":"127.12","porcentajeIgv":"18"},{"CodItem":"84","codUnidadMedida":"NIU","ctdUnidadItem":"300","codProducto":"84","desItem":"PALETAS","mtoValorUnitario":"101.69","mtoDsctoItem":"0.00","mtoIgvItem":"18.31","tipAfeIGV":"10","tipPrecio":"01","mtoPrecioVentaItem":"120.00","mtoValorVentaItem":"101.69","porcentajeIgv":"18"},{"CodItem":"85","codUnidadMedida":"NIU","ctdUnidadItem":"200","codProducto":"85","desItem":"VASITOS","mtoValorUnitario":"169.49","mtoDsctoItem":"0.00","mtoIgvItem":"30.51","tipAfeIGV":"10","tipPrecio":"01","mtoPrecioVentaItem":"200.00","mtoValorVentaItem":"169.49","porcentajeIgv":"18"}]}