{"tipOperacion":"0101","fecEmision":"2025-03-27","fecVencimiento":"2025-03-27","tipComp":"03","serieComp":"B003","numeroComp":"00000016","tipDocUsuario":"0","codCliente":"1","numDocUsuario":"00000000","rznSocialUsuario":"CLIENTES VARIOS","codPaisCliente":"PE","codLocalEmisor":"","desDireccionCliente":"-","deptCliente":"San Martin","provCliente":"San Martin ","distCliente":"Tarapoto","urbCliente":"","codUbigeoCliente":"220901","tipMoneda":"PEN","tipCambio":"0.00","Gravada":"398.30","Exonerada":"0.00","Inafecta":"0.00","Gratuita":"0.00","Anticipo":"0.00","DsctoGlobal":"0.00","otrosCargos":"0.00","mtoIgv":"71.7","mtoTotal":"470.00","servidorSunat":"3","envioSunat":true,"UBL":"2.1","idserie":"2","numdias":"0","Cat10":"00","Cat09":"00","docRef":"","CodDir":"","tipPago":"01","accion":false,"obs":"","saltosLinea":"1","impresion":"A4","rucEmp":"10083182003","dirEmp":"","emailCli":null,"items":[{"CodItem":"44","codUnidadMedida":"NIU","ctdUnidadItem":"500","codProducto":"44","desItem":"HURACAN","mtoValorUnitario":"211.87","mtoDsctoItem":"0.00","mtoIgvItem":"38.14","tipAfeIGV":"10","tipPrecio":"01","mtoPrecioVentaItem":"250.01","mtoValorVentaItem":"211.87","porcentajeIgv":"18"},{"CodItem":"45","codUnidadMedida":"NIU","ctdUnidadItem":"300","codProducto":"45","desItem":"PALETAS","mtoValorUnitario":"101.69","mtoDsctoItem":"0.00","mtoIgvItem":"18.31","tipAfeIGV":"10","tipPrecio":"01","mtoPrecioVentaItem":"120.00","mtoValorVentaItem":"101.69","porcentajeIgv":"18"},{"CodItem":"46","codUnidadMedida":"NIU","ctdUnidadItem":"100","codProducto":"46","desItem":"VASITOS","mtoValorUnitario":"84.75","mtoDsctoItem":"0.00","mtoIgvItem":"15.25","tipAfeIGV":"10","tipPrecio":"01","mtoPrecioVentaItem":"100.00","mtoValorVentaItem":"84.75","porcentajeIgv":"18"}]}