{"tipOperacion":"0101","fecEmision":"2025-04-16","fecVencimiento":"2025-04-16","tipComp":"03","serieComp":"B003","numeroComp":"00000028","tipDocUsuario":"0","codCliente":"1","numDocUsuario":"00000000","rznSocialUsuario":"CLIENTES VARIOS","codPaisCliente":"PE","codLocalEmisor":"","desDireccionCliente":"-","deptCliente":"San Martin","provCliente":"San Martin ","distCliente":"Tarapoto","urbCliente":"","codUbigeoCliente":"220901","tipMoneda":"PEN","tipCambio":"0.00","Gravada":"203.39","Exonerada":"0.00","Inafecta":"0.00","Gratuita":"0.00","Anticipo":"0.00","DsctoGlobal":"0.00","otrosCargos":"0.00","mtoIgv":"36.61","mtoTotal":"240.00","servidorSunat":"3","envioSunat":true,"UBL":"2.1","idserie":"2","numdias":"0","Cat10":"00","Cat09":"00","docRef":"","CodDir":"","tipPago":"01","accion":false,"obs":"","saltosLinea":"1","impresion":"A4","rucEmp":"10083182003","dirEmp":"","emailCli":null,"items":[{"CodItem":"72","codUnidadMedida":"KGM","ctdUnidadItem":"30","codProducto":"72","desItem":"HELADOS","mtoValorUnitario":"203.39","mtoDsctoItem":"0.00","mtoIgvItem":"36.61","tipAfeIGV":"10","tipPrecio":"01","mtoPrecioVentaItem":"240.00","mtoValorVentaItem":"203.39","porcentajeIgv":"18"}]}