{"tipOperacion":"0101","fecEmision":"2025-04-04","fecVencimiento":"2025-04-04","tipComp":"03","serieComp":"B003","numeroComp":"00000019","tipDocUsuario":"0","codCliente":"1","numDocUsuario":"00000000","rznSocialUsuario":"CLIENTES VARIOS","codPaisCliente":"PE","codLocalEmisor":"","desDireccionCliente":"-","deptCliente":"San Martin","provCliente":"San Martin ","distCliente":"Tarapoto","urbCliente":"","codUbigeoCliente":"220901","tipMoneda":"PEN","tipCambio":"0.00","Gravada":"330.50","Exonerada":"0.00","Inafecta":"0.00","Gratuita":"0.00","Anticipo":"0.00","DsctoGlobal":"0.00","otrosCargos":"0.00","mtoIgv":"59.5","mtoTotal":"390.00","servidorSunat":"3","envioSunat":true,"UBL":"2.1","idserie":"2","numdias":"0","Cat10":"00","Cat09":"00","docRef":"","CodDir":"","tipPago":"01","accion":false,"obs":"","saltosLinea":"1","impresion":"A4","rucEmp":"10083182003","dirEmp":"","emailCli":null,"items":[{"CodItem":"52","codUnidadMedida":"NIU","ctdUnidadItem":"500","codProducto":"52","desItem":"CREMAS","mtoValorUnitario":"211.87","mtoDsctoItem":"0.00","mtoIgvItem":"38.14","tipAfeIGV":"10","tipPrecio":"01","mtoPrecioVentaItem":"250.01","mtoValorVentaItem":"211.87","porcentajeIgv":"18"},{"CodItem":"53","codUnidadMedida":"NIU","ctdUnidadItem":"200","codProducto":"53","desItem":"ZAMBITOS","mtoValorUnitario":"118.64","mtoDsctoItem":"0.00","mtoIgvItem":"21.36","tipAfeIGV":"10","tipPrecio":"01","mtoPrecioVentaItem":"140.00","mtoValorVentaItem":"118.64","porcentajeIgv":"18"}]}