{"tipOperacion":"0101","fecEmision":"2025-04-28","fecVencimiento":"2025-04-28","tipComp":"03","serieComp":"B003","numeroComp":"00000037","tipDocUsuario":"0","codCliente":"1","numDocUsuario":"00000000","rznSocialUsuario":"CLIENTES VARIOS","codPaisCliente":"PE","codLocalEmisor":"","desDireccionCliente":"-","deptCliente":"San Martin","provCliente":"San Martin ","distCliente":"Tarapoto","urbCliente":"","codUbigeoCliente":"220901","tipMoneda":"PEN","tipCambio":"0.00","Gravada":"355.93","Exonerada":"0.00","Inafecta":"0.00","Gratuita":"0.00","Anticipo":"0.00","DsctoGlobal":"0.00","otrosCargos":"0.00","mtoIgv":"64.07","mtoTotal":"420.00","servidorSunat":"3","envioSunat":true,"UBL":"2.1","idserie":"2","numdias":"0","Cat10":"00","Cat09":"00","docRef":"","CodDir":"","tipPago":"01","accion":false,"obs":null,"saltosLinea":"1","impresion":"A4","rucEmp":"10083182003","dirEmp":"","emailCli":null,"items":[{"CodItem":"91","codUnidadMedida":"NIU","ctdUnidadItem":"600","codProducto":"91","desItem":"CREMAS","mtoValorUnitario":"254.24","mtoDsctoItem":"0.00","mtoIgvItem":"45.76","tipAfeIGV":"10","tipPrecio":"01","mtoPrecioVentaItem":"300.00","mtoValorVentaItem":"254.24","porcentajeIgv":"18"},{"CodItem":"92","codUnidadMedida":"NIU","ctdUnidadItem":"300","codProducto":"92","desItem":"PALETAS","mtoValorUnitario":"101.69","mtoDsctoItem":"0.00","mtoIgvItem":"18.31","tipAfeIGV":"10","tipPrecio":"01","mtoPrecioVentaItem":"120.00","mtoValorVentaItem":"101.69","porcentajeIgv":"18"}]}