{"tipOperacion":"0101","fecEmision":"2025-03-11","fecVencimiento":"2025-03-11","tipComp":"03","serieComp":"B003","numeroComp":"00000003","tipDocUsuario":"0","codCliente":"1","numDocUsuario":"00000000","rznSocialUsuario":"CLIENTES VARIOS","codPaisCliente":"PE","codLocalEmisor":"","desDireccionCliente":"-","deptCliente":"San Martin","provCliente":"San Martin ","distCliente":"Tarapoto","urbCliente":"","codUbigeoCliente":"220901","tipMoneda":"PEN","tipCambio":"0.00","Gravada":"398.31","Exonerada":"0.00","Inafecta":"0.00","Gratuita":"0.00","Anticipo":"0.00","DsctoGlobal":"0.00","otrosCargos":"0.00","mtoIgv":"71.69","mtoTotal":"470.00","servidorSunat":"3","envioSunat":true,"UBL":"2.1","idserie":"2","numdias":"0","Cat10":"00","Cat09":"00","docRef":"","CodDir":"","tipPago":"01","accion":false,"obs":"","saltosLinea":"1","impresion":"A4","rucEmp":"10083182003","dirEmp":"","emailCli":null,"items":[{"CodItem":"12","codUnidadMedida":"NIU","ctdUnidadItem":"300","codProducto":"12","desItem":"CREMAS","mtoValorUnitario":"127.12","mtoDsctoItem":"0.00","mtoIgvItem":"22.88","tipAfeIGV":"10","tipPrecio":"01","mtoPrecioVentaItem":"150.00","mtoValorVentaItem":"127.12","porcentajeIgv":"18"},{"CodItem":"13","codUnidadMedida":"KGM","ctdUnidadItem":"40","codProducto":"13","desItem":"HELADOS","mtoValorUnitario":"271.19","mtoDsctoItem":"0.00","mtoIgvItem":"48.81","tipAfeIGV":"10","tipPrecio":"01","mtoPrecioVentaItem":"320.00","mtoValorVentaItem":"271.19","porcentajeIgv":"18"}]}