{"tipOperacion":"0101","fecEmision":"2025-05-08","fecVencimiento":"2025-05-08","tipComp":"03","serieComp":"B001","numeroComp":"00000006","tipDocUsuario":"0","codCliente":"1","numDocUsuario":"00000000","rznSocialUsuario":"CLIENTES VARIOS","codPaisCliente":"PE","codLocalEmisor":"","desDireccionCliente":"-","deptCliente":"San Martin","provCliente":"San Martin ","distCliente":"Tarapoto","urbCliente":"","codUbigeoCliente":"220901","tipMoneda":"PEN","tipCambio":"0.00","Gravada":"0.42","Exonerada":"0.00","Inafecta":"0.00","Gratuita":"0.00","Anticipo":"0.00","DsctoGlobal":"0.00","otrosCargos":"0.00","mtoIgv":"0.08","mtoTotal":"0.50","servidorSunat":"3","envioSunat":true,"UBL":"2.1","idserie":"2","numdias":"0","Cat10":"00","Cat09":"00","docRef":"","CodDir":"","tipPago":"01","accion":false,"obs":null,"saltosLinea":"1","impresion":"A4","rucEmp":"10083182003","dirEmp":"","emailCli":null,"items":[{"CodItem":"100","codUnidadMedida":"NIU","ctdUnidadItem":"1","codProducto":"100","desItem":"HURACAN","mtoValorUnitario":"0.42","mtoDsctoItem":"0.00","mtoIgvItem":"0.08","tipAfeIGV":"10","tipPrecio":"01","mtoPrecioVentaItem":"0.50","mtoValorVentaItem":"0.42","porcentajeIgv":"18"}]}