{"tipOperacion":"0101","fecEmision":"2025-02-25","fecVencimiento":"2025-02-25","tipComp":"03","serieComp":"B001","numeroComp":"00000005","tipDocUsuario":"1","codCliente":"4","numDocUsuario":"76342690","rznSocialUsuario":"NADIA ROCIO CANCHA GERVACIO","codPaisCliente":"PE","codLocalEmisor":"","desDireccionCliente":"","deptCliente":"Lima","provCliente":"Lima ","distCliente":"Lima","urbCliente":"","codUbigeoCliente":"150101","tipMoneda":"PEN","tipCambio":"0.00","Gravada":"169.49","Exonerada":"0.00","Inafecta":"0.00","Gratuita":"0.00","Anticipo":"0.00","DsctoGlobal":"0.00","otrosCargos":"0.00","mtoIgv":"30.51","mtoTotal":"200.00","servidorSunat":"3","envioSunat":true,"UBL":"2.1","idserie":"2","numdias":"0","Cat10":"00","Cat09":"00","docRef":"","CodDir":"","tipPago":"01","accion":false,"obs":null,"saltosLinea":"1","impresion":"A4","rucEmp":"10083182003","dirEmp":"","emailCli":null,"items":[{"CodItem":"5","codUnidadMedida":"KGM","ctdUnidadItem":"1","codProducto":"5","desItem":"HELADOS","mtoValorUnitario":"169.49","mtoDsctoItem":"0.00","mtoIgvItem":"30.51","tipAfeIGV":"10","tipPrecio":"01","mtoPrecioVentaItem":"200.00","mtoValorVentaItem":"169.49","porcentajeIgv":"18"}]}