{"tipOperacion":"0101","fecEmision":"2025-02-25","fecVencimiento":"2025-02-25","tipComp":"03","serieComp":"B001","numeroComp":"00000004","tipDocUsuario":"1","codCliente":"3","numDocUsuario":"75333045","rznSocialUsuario":"OSCAR ELISBAN DE LOS SANTOS SHAPIAMA","codPaisCliente":"PE","codLocalEmisor":"","desDireccionCliente":"","deptCliente":"Lima","provCliente":"Lima ","distCliente":"Lima","urbCliente":"","codUbigeoCliente":"150101","tipMoneda":"PEN","tipCambio":"0.00","Gravada":"0.00","Exonerada":"20.00","Inafecta":"0.00","Gratuita":"0.00","Anticipo":"0.00","DsctoGlobal":"0.00","otrosCargos":"0.00","mtoIgv":"0","mtoTotal":"20.00","servidorSunat":"3","envioSunat":true,"UBL":"2.1","idserie":"2","numdias":"0","Cat10":"00","Cat09":"00","docRef":"","CodDir":"","tipPago":"01","accion":false,"obs":null,"saltosLinea":"1","impresion":"A4","rucEmp":"10083182003","dirEmp":"","emailCli":null,"items":[{"CodItem":"4","codUnidadMedida":"ZZ","ctdUnidadItem":"2","codProducto":"4","desItem":"SUETER OVERSIZE","mtoValorUnitario":"20.00","mtoDsctoItem":"0.00","mtoIgvItem":"0","tipAfeIGV":"20","tipPrecio":"01","mtoPrecioVentaItem":"20.00","mtoValorVentaItem":"20.00","porcentajeIgv":"0"}]}