{"tipOperacion":"0101","fecEmision":"2025-03-29","fecVencimiento":"2025-03-29","tipComp":"01","serieComp":"F001","numeroComp":"00000003","tipDocUsuario":"6","codCliente":"2","numDocUsuario":"20546899692","rznSocialUsuario":"CR COBRANZAS RECUPERACIONES ABOGADOS S.R.L.","codPaisCliente":"PE","codLocalEmisor":"","desDireccionCliente":"MZ 9 LOTE 9 ARRIBA PERU","deptCliente":"Lima","provCliente":"Lima ","distCliente":"Surquillo","urbCliente":"","codUbigeoCliente":"150141","tipMoneda":"PEN","tipCambio":"0.00","Gravada":"0.34","Exonerada":"0.00","Inafecta":"0.00","Gratuita":"0.00","Anticipo":"0.00","DsctoGlobal":"0.00","otrosCargos":"0.00","mtoIgv":"0.06","mtoTotal":"0.46","servidorSunat":"3","envioSunat":true,"UBL":"2.1","idserie":"1","numdias":"0","Cat10":"00","Cat09":"00","docRef":"","CodDir":"","tipPago":"01","accion":false,"obs":null,"saltosLinea":"1","impresion":"A4","rucEmp":"10083182003","dirEmp":"","emailCli":null,"items":[{"CodItem":"51","codUnidadMedida":"NIU","ctdUnidadItem":"1","codProducto":"51","desItem":"PALETAS","mtoValorUnitario":"0.34","mtoDsctoItem":"0.00","mtoIgvItem":"0.06","tipAfeIGV":"10","tipPrecio":"01","mtoPrecioVentaItem":"0.40","mtoValorVentaItem":"0.34","porcentajeIgv":"18"}]}