{"tipOperacion":"0101","fecEmision":"2025-03-12","fecVencimiento":"2025-03-12","tipComp":"03","serieComp":"B003","numeroComp":"00000007","tipDocUsuario":"1","codCliente":"5","numDocUsuario":"42442283","rznSocialUsuario":"ANALY EMELDA AQUINO MORALES","codPaisCliente":"PE","codLocalEmisor":"","desDireccionCliente":"","deptCliente":"Lima","provCliente":"Lima ","distCliente":"Lima","urbCliente":"","codUbigeoCliente":"150101","tipMoneda":"PEN","tipCambio":"0.00","Gravada":"254.23","Exonerada":"0.00","Inafecta":"0.00","Gratuita":"0.00","Anticipo":"0.00","DsctoGlobal":"0.00","otrosCargos":"0.00","mtoIgv":"45.77","mtoTotal":"300.00","servidorSunat":"3","envioSunat":true,"UBL":"2.1","idserie":"2","numdias":"0","Cat10":"00","Cat09":"00","docRef":"","CodDir":"","tipPago":"01","accion":false,"obs":"","saltosLinea":"1","impresion":"A4","rucEmp":"10083182003","dirEmp":"","emailCli":null,"items":[{"CodItem":"24","codUnidadMedida":"NIU","ctdUnidadItem":"300","codProducto":"24","desItem":"PALETAS DE FRUTA","mtoValorUnitario":"101.69","mtoDsctoItem":"0.00","mtoIgvItem":"18.31","tipAfeIGV":"10","tipPrecio":"01","mtoPrecioVentaItem":"120.00","mtoValorVentaItem":"101.69","porcentajeIgv":"18"},{"CodItem":"25","codUnidadMedida":"NIU","ctdUnidadItem":"300","codProducto":"25","desItem":"CREMAS","mtoValorUnitario":"152.54","mtoDsctoItem":"0.00","mtoIgvItem":"27.46","tipAfeIGV":"10","tipPrecio":"01","mtoPrecioVentaItem":"180.00","mtoValorVentaItem":"152.54","porcentajeIgv":"18"}]}