<?xml version="1.0" encoding="utf-8" standalone="no"?>
<Invoice xmlns="urn:oasis:names:specification:ubl:schema:xsd:Invoice-2" xmlns:cac="urn:oasis:names:specification:ubl:schema:xsd:CommonAggregateComponents-2" xmlns:cbc="urn:oasis:names:specification:ubl:schema:xsd:CommonBasicComponents-2" xmlns:ccts="urn:un:unece:uncefact:documentation:2" xmlns:ds="http://www.w3.org/2000/09/xmldsig#" xmlns:ext="urn:oasis:names:specification:ubl:schema:xsd:CommonExtensionComponents-2" xmlns:qdt="urn:oasis:names:specification:ubl:schema:xsd:QualifiedDatatypes-2" xmlns:udt="urn:un:unece:uncefact:data:specification:UnqualifiedDataTypesSchemaModule:2" xmlns:xsi="http://www.w3.org/2001/XMLSchema-instance">
  <ext:UBLExtensions>
    <ext:UBLExtension>
      <ext:ExtensionContent/>
    </ext:UBLExtension>
  </ext:UBLExtensions>
  <cbc:UBLVersionID>2.1</cbc:UBLVersionID>
  <cbc:CustomizationID>2.0</cbc:CustomizationID>
  <cbc:ProfileID>0101</cbc:ProfileID>
  <cbc:ID>B003-00000012</cbc:ID>
  <cbc:IssueDate>2025-03-17</cbc:IssueDate>
  <cbc:IssueTime>01:00:00</cbc:IssueTime>
  <cbc:DueDate>2025-03-17</cbc:DueDate>
  <cbc:InvoiceTypeCode listID="0101" listAgencyName="PE:SUNAT" listName="Tipo de Documento" listURI="urn:pe:gob:sunat:cpe:see:gem:catalogos:catalogo01">03</cbc:InvoiceTypeCode>
  <cbc:Note languageLocaleID="1000">CUANTROCIENTOS CON 1/100 SOLES</cbc:Note>
  <cbc:DocumentCurrencyCode listID="ISO 4217 Alpha" listName="Currency" listAgencyName="United Nations Economic Commission for Europe">PEN</cbc:DocumentCurrencyCode>
  <cbc:LineCountNumeric>1</cbc:LineCountNumeric>
  <cac:Signature>
    <cbc:ID>10083182003</cbc:ID>
    <cbc:Note>ELABORADO POR MYTEMS E.I.R.L.</cbc:Note>
    <cac:SignatoryParty>
      <cac:PartyIdentification>
        <cbc:ID>10083182003</cbc:ID>
      </cac:PartyIdentification>
      <cac:PartyName>
        <cbc:Name>Helados Yomar</cbc:Name>
      </cac:PartyName>
    </cac:SignatoryParty>
    <cac:DigitalSignatureAttachment>
      <cac:ExternalReference>
        <cbc:URI>SIGN</cbc:URI>
      </cac:ExternalReference>
    </cac:DigitalSignatureAttachment>
  </cac:Signature>
  <cac:AccountingSupplierParty>
    <cac:Party>
      <cac:PartyIdentification>
        <cbc:ID schemeID="6" schemeName="Documento de Identidad" schemeAgencyName="PE:SUNAT" schemeURI="urn:pe:gob:sunat:cpe:see:gem:catalogos:catalogo06">10083182003</cbc:ID>
      </cac:PartyIdentification>
      <cac:PartyName>
        <cbc:Name>Helados Yomar</cbc:Name>
      </cac:PartyName>
      <cac:PartyLegalEntity>
        <cbc:RegistrationName>ARCADIO DIAZ HUAMANI</cbc:RegistrationName>
        <cac:RegistrationAddress>
          <cbc:AddressTypeCode>0000</cbc:AddressTypeCode>
          <cbc:CitySubdivisionName>-</cbc:CitySubdivisionName>
          <cbc:CityName>Lima</cbc:CityName>
          <cbc:CountrySubentity>Lima </cbc:CountrySubentity>
          <cbc:CountrySubentityCode>150132</cbc:CountrySubentityCode>
          <cbc:District>San Juan de Lurigancho</cbc:District>
          <cac:AddressLine>
            <cbc:Line>MZ.34 LT.3 BAYOVAR</cbc:Line>
          </cac:AddressLine>
          <cac:Country>
            <cbc:IdentificationCode>PE</cbc:IdentificationCode>
          </cac:Country>
        </cac:RegistrationAddress>
      </cac:PartyLegalEntity>
    </cac:Party>
  </cac:AccountingSupplierParty>
  <cac:AccountingCustomerParty>
    <cac:Party>
      <cac:PartyIdentification>
        <cbc:ID schemeID="0" schemeName="Documento de Identidad" schemeAgencyName="PE:SUNAT" schemeURI="urn:pe:gob:sunat:cpe:see:gem:catalogos:catalogo06">00000000</cbc:ID>
      </cac:PartyIdentification>
      <cac:PartyLegalEntity>
        <cbc:RegistrationName>CLIENTES VARIOS</cbc:RegistrationName>
      </cac:PartyLegalEntity>
    </cac:Party>
  </cac:AccountingCustomerParty>
  <cac:PaymentTerms>
    <cbc:ID>FormaPago</cbc:ID>
    <cbc:PaymentMeansID>Contado</cbc:PaymentMeansID>
    <cbc:Amount currencyID="PEN">400.00</cbc:Amount>
  </cac:PaymentTerms>
  <cac:TaxTotal>
    <cbc:TaxAmount currencyID="PEN">61.02</cbc:TaxAmount>
    <cac:TaxSubtotal>
      <cbc:TaxableAmount currencyID="PEN">338.98</cbc:TaxableAmount>
      <cbc:TaxAmount currencyID="PEN">61.02</cbc:TaxAmount>
      <cac:TaxCategory>
        <cac:TaxScheme>
          <cbc:ID schemeAgencyName="PE:SUNAT" schemeID="UN/ECE 5153" schemeName="Codigo de tributos">1000</cbc:ID>
          <cbc:Name>IGV</cbc:Name>
          <cbc:TaxTypeCode>VAT</cbc:TaxTypeCode>
        </cac:TaxScheme>
      </cac:TaxCategory>
    </cac:TaxSubtotal>
  </cac:TaxTotal>
  <cac:LegalMonetaryTotal>
    <cbc:LineExtensionAmount currencyID="PEN">338.99</cbc:LineExtensionAmount>
    <cbc:TaxInclusiveAmount currencyID="PEN">400.01</cbc:TaxInclusiveAmount>
    <cbc:AllowanceTotalAmount currencyID="PEN">0.00</cbc:AllowanceTotalAmount>
    <cbc:ChargeTotalAmount currencyID="PEN">0.00</cbc:ChargeTotalAmount>
    <cbc:PrepaidAmount currencyID="PEN">0.00</cbc:PrepaidAmount>
    <cbc:PayableAmount currencyID="PEN">400.01</cbc:PayableAmount>
  </cac:LegalMonetaryTotal>
  <cac:InvoiceLine>
    <cbc:ID>1</cbc:ID>
    <cbc:InvoicedQuantity unitCode="NIU" unitCodeListID="UN/ECE rec 20" unitCodeListAgencyName="United Nations Economic Commission for Europe">500</cbc:InvoicedQuantity>
    <cbc:LineExtensionAmount currencyID="PEN">211.87</cbc:LineExtensionAmount>
    <cac:PricingReference>
      <cac:AlternativeConditionPrice>
        <cbc:PriceAmount currencyID="PEN">0.50002</cbc:PriceAmount>
        <cbc:PriceTypeCode listName="Tipo de Precio" listAgencyName="PE:SUNAT" listURI="urn:pe:gob:sunat:cpe:see:gem:catalogos:catalogo16">01</cbc:PriceTypeCode>
      </cac:AlternativeConditionPrice>
    </cac:PricingReference>
    <cac:TaxTotal>
      <cbc:TaxAmount currencyID="PEN">38.14</cbc:TaxAmount>
      <cac:TaxSubtotal>
        <cbc:TaxableAmount currencyID="PEN">211.87</cbc:TaxableAmount>
        <cbc:TaxAmount currencyID="PEN">38.14</cbc:TaxAmount>
        <cac:TaxCategory>
          <cbc:Percent>18</cbc:Percent>
          <cbc:TaxExemptionReasonCode listAgencyName="PE:SUNAT" listName="Afectacion del IGV" listURI="urn:pe:gob:sunat:cpe:see:gem:catalogos:catalogo07">10</cbc:TaxExemptionReasonCode>
          <cac:TaxScheme>
            <cbc:ID schemeAgencyName="PE:SUNAT" schemeID="UN/ECE 5153" schemeName="Codigo de tributos">1000</cbc:ID>
            <cbc:Name>IGV</cbc:Name>
            <cbc:TaxTypeCode>VAT</cbc:TaxTypeCode>
          </cac:TaxScheme>
        </cac:TaxCategory>
      </cac:TaxSubtotal>
    </cac:TaxTotal>
    <cac:Item>
      <cbc:Description>CREMAS</cbc:Description>
      <cac:SellersItemIdentification>
        <cbc:ID>36</cbc:ID>
      </cac:SellersItemIdentification>
    </cac:Item>
    <cac:Price>
      <cbc:PriceAmount currencyID="PEN">0.42374000</cbc:PriceAmount>
    </cac:Price>
  </cac:InvoiceLine>
  <cac:InvoiceLine>
    <cbc:ID>2</cbc:ID>
    <cbc:InvoicedQuantity unitCode="NIU" unitCodeListID="UN/ECE rec 20" unitCodeListAgencyName="United Nations Economic Commission for Europe">500</cbc:InvoicedQuantity>
    <cbc:LineExtensionAmount currencyID="PEN">127.12</cbc:LineExtensionAmount>
    <cac:PricingReference>
      <cac:AlternativeConditionPrice>
        <cbc:PriceAmount currencyID="PEN">0.3</cbc:PriceAmount>
        <cbc:PriceTypeCode listName="Tipo de Precio" listAgencyName="PE:SUNAT" listURI="urn:pe:gob:sunat:cpe:see:gem:catalogos:catalogo16">01</cbc:PriceTypeCode>
      </cac:AlternativeConditionPrice>
    </cac:PricingReference>
    <cac:TaxTotal>
      <cbc:TaxAmount currencyID="PEN">22.88</cbc:TaxAmount>
      <cac:TaxSubtotal>
        <cbc:TaxableAmount currencyID="PEN">127.12</cbc:TaxableAmount>
        <cbc:TaxAmount currencyID="PEN">22.88</cbc:TaxAmount>
        <cac:TaxCategory>
          <cbc:Percent>18</cbc:Percent>
          <cbc:TaxExemptionReasonCode listAgencyName="PE:SUNAT" listName="Afectacion del IGV" listURI="urn:pe:gob:sunat:cpe:see:gem:catalogos:catalogo07">10</cbc:TaxExemptionReasonCode>
          <cac:TaxScheme>
            <cbc:ID schemeAgencyName="PE:SUNAT" schemeID="UN/ECE 5153" schemeName="Codigo de tributos">1000</cbc:ID>
            <cbc:Name>IGV</cbc:Name>
            <cbc:TaxTypeCode>VAT</cbc:TaxTypeCode>
          </cac:TaxScheme>
        </cac:TaxCategory>
      </cac:TaxSubtotal>
    </cac:TaxTotal>
    <cac:Item>
      <cbc:Description>HIELOS</cbc:Description>
      <cac:SellersItemIdentification>
        <cbc:ID>37</cbc:ID>
      </cac:SellersItemIdentification>
    </cac:Item>
    <cac:Price>
      <cbc:PriceAmount currencyID="PEN">0.25424000</cbc:PriceAmount>
    </cac:Price>
  </cac:InvoiceLine>
</Invoice>
