<?xml version="1.0" encoding="utf-8"?>
<Invoice xmlns="urn:oasis:names:specification:ubl:schema:xsd:Invoice-2" xmlns:cac="urn:oasis:names:specification:ubl:schema:xsd:CommonAggregateComponents-2" xmlns:cbc="urn:oasis:names:specification:ubl:schema:xsd:CommonBasicComponents-2">
  <cac:PaymentTerms>
    <cbc:ID>Detraccion</cbc:ID>
    <cbc:PaymentPercent>12.00</cbc:PaymentPercent>
    <cbc:Amount currencyID="PEN">70.00</cbc:Amount>
    <cac:PayeeFinancialAccount>
      <cbc:ID>0061-241-25</cbc:ID>
    </cac:PayeeFinancialAccount>
  </cac:PaymentTerms>
</Invoice>
