<?xml version="1.0" encoding="utf-8" standalone="no"?>
<CreditNote xmlns="urn:oasis:names:specification:ubl:schema:xsd:CreditNote-2" xmlns:cac="urn:oasis:names:specification:ubl:schema:xsd:CommonAggregateComponents-2" xmlns:cbc="urn:oasis:names:specification:ubl:schema:xsd:CommonBasicComponents-2" xmlns:ccts="urn:un:unece:uncefact:documentation:2" xmlns:ds="http://www.w3.org/2000/09/xmldsig#" xmlns:ext="urn:oasis:names:specification:ubl:schema:xsd:CommonExtensionComponents-2" xmlns:qdt="urn:oasis:names:specification:ubl:schema:xsd:QualifiedDatatypes-2" xmlns:sac="urn:sunat:names:specification:ubl:peru:schema:xsd:SunatAggregateComponents-1" xmlns:udt="urn:un:unece:uncefact:data:specification:UnqualifiedDataTypesSchemaModule:2" xmlns:xsi="http://www.w3.org/2001/XMLSchema-instance">
  <ext:UBLExtensions>
    <ext:UBLExtension>
      <ext:ExtensionContent/>
    </ext:UBLExtension>
  </ext:UBLExtensions>
  <cbc:UBLVersionID>2.1</cbc:UBLVersionID>
  <cbc:CustomizationID>2.0</cbc:CustomizationID>
  <cbc:ID>BC01-00000004</cbc:ID>
  <cbc:IssueDate>2024-09-25</cbc:IssueDate>
  <cbc:IssueTime>01:00:00</cbc:IssueTime>
  <cbc:Note languageLocaleID="1000">QUINCE CON 00/100 SOLES</cbc:Note>
  <cbc:DocumentCurrencyCode listAgencyName="United Nations Economic Commission for Europe" listID="ISO 4217 Alpha" listName="Currency">PEN</cbc:DocumentCurrencyCode>
  <cac:DiscrepancyResponse>
    <cbc:ReferenceID>B001-00000013</cbc:ReferenceID>
    <cbc:ResponseCode>01</cbc:ResponseCode>
    <cbc:Description>ANULACION DE LA OPERACION</cbc:Description>
  </cac:DiscrepancyResponse>
  <cac:BillingReference>
    <cac:InvoiceDocumentReference>
      <cbc:ID>B001-00000013</cbc:ID>
      <cbc:DocumentTypeCode>03</cbc:DocumentTypeCode>
    </cac:InvoiceDocumentReference>
  </cac:BillingReference>
  <cac:Signature>
    <cbc:ID>10753330459</cbc:ID>
    <cbc:Note>ELABORADO POR MYTEMS E.I.R.L.</cbc:Note>
    <cac:SignatoryParty>
      <cac:PartyIdentification>
        <cbc:ID>10753330459</cbc:ID>
      </cac:PartyIdentification>
      <cac:PartyName>
        <cbc:Name>INGENIO SERVICIOS GENERALES</cbc:Name>
      </cac:PartyName>
    </cac:SignatoryParty>
    <cac:DigitalSignatureAttachment>
      <cac:ExternalReference>
        <cbc:URI>SIGN</cbc:URI>
      </cac:ExternalReference>
    </cac:DigitalSignatureAttachment>
  </cac:Signature>
  <cac:AccountingSupplierParty>
    <cac:Party>
      <cac:PartyIdentification>
        <cbc:ID schemeID="6" schemeName="Documento de Identidad" schemeAgencyName="PE:SUNAT" schemeURI="urn:pe:gob:sunat:cpe:see:gem:catalogos:catalogo06">10753330459</cbc:ID>
      </cac:PartyIdentification>
      <cac:PartyName>
        <cbc:Name>INGENIO SERVICIOS GENERALES</cbc:Name>
      </cac:PartyName>
      <cac:PartyLegalEntity>
        <cbc:RegistrationName>Oscar Esliban De Los Santos Shapiama</cbc:RegistrationName>
        <cac:RegistrationAddress>
          <cbc:AddressTypeCode>0000</cbc:AddressTypeCode>
          <cbc:CitySubdivisionName>-</cbc:CitySubdivisionName>
          <cbc:CityName>Lima</cbc:CityName>
          <cbc:CountrySubentity>Lima </cbc:CountrySubentity>
          <cbc:CountrySubentityCode>150101</cbc:CountrySubentityCode>
          <cbc:District>Lima</cbc:District>
          <cac:AddressLine>
            <cbc:Line>A.H. ARRIBA PERU -CAL. 37 ,Mz 9 Lote 9</cbc:Line>
          </cac:AddressLine>
          <cac:Country>
            <cbc:IdentificationCode>PE</cbc:IdentificationCode>
          </cac:Country>
        </cac:RegistrationAddress>
      </cac:PartyLegalEntity>
    </cac:Party>
  </cac:AccountingSupplierParty>
  <cac:AccountingCustomerParty>
    <cac:Party>
      <cac:PartyIdentification>
        <cbc:ID schemeID="0" schemeName="Documento de Identidad" schemeAgencyName="PE:SUNAT" schemeURI="urn:pe:gob:sunat:cpe:see:gem:catalogos:catalogo06">00000000</cbc:ID>
      </cac:PartyIdentification>
      <cac:PartyLegalEntity>
        <cbc:RegistrationName>CLIENTES VARIOS</cbc:RegistrationName>
      </cac:PartyLegalEntity>
    </cac:Party>
  </cac:AccountingCustomerParty>
  <cac:TaxTotal>
    <cbc:TaxAmount currencyID="PEN">0.00</cbc:TaxAmount>
    <cac:TaxSubtotal>
      <cbc:TaxableAmount currencyID="PEN">0.00</cbc:TaxableAmount>
      <cbc:TaxAmount currencyID="PEN">0.00</cbc:TaxAmount>
      <cac:TaxCategory>
        <cac:TaxScheme>
          <cbc:ID schemeAgencyName="PE:SUNAT" schemeID="UN/ECE 5153" schemeName="Codigo de tributos">9997</cbc:ID>
          <cbc:Name>EXO</cbc:Name>
          <cbc:TaxTypeCode>VAT</cbc:TaxTypeCode>
        </cac:TaxScheme>
      </cac:TaxCategory>
    </cac:TaxSubtotal>
  </cac:TaxTotal>
  <cac:LegalMonetaryTotal>
    <cbc:LineExtensionAmount currencyID="PEN">15.00</cbc:LineExtensionAmount>
    <cbc:TaxInclusiveAmount currencyID="PEN">15.00</cbc:TaxInclusiveAmount>
    <cbc:AllowanceTotalAmount currencyID="PEN">0.00</cbc:AllowanceTotalAmount>
    <cbc:ChargeTotalAmount currencyID="PEN">0.00</cbc:ChargeTotalAmount>
    <cbc:PrepaidAmount currencyID="PEN">0.00</cbc:PrepaidAmount>
    <cbc:PayableAmount currencyID="PEN">15.00</cbc:PayableAmount>
  </cac:LegalMonetaryTotal>
  <cac:CreditNoteLine>
    <cbc:ID>1</cbc:ID>
    <cbc:CreditedQuantity unitCode="ZZ" unitCodeListID="UN/ECE rec 20" unitCodeListAgencyName="United Nations Economic Commission for Europe">1</cbc:CreditedQuantity>
    <cbc:LineExtensionAmount currencyID="PEN">15.00</cbc:LineExtensionAmount>
    <cac:PricingReference>
      <cac:AlternativeConditionPrice>
        <cbc:PriceAmount currencyID="PEN">15</cbc:PriceAmount>
        <cbc:PriceTypeCode listName="Tipo de Precio" listAgencyName="PE:SUNAT" listURI="urn:pe:gob:sunat:cpe:see:gem:catalogos:catalogo16">01</cbc:PriceTypeCode>
      </cac:AlternativeConditionPrice>
    </cac:PricingReference>
    <cac:TaxTotal>
      <cbc:TaxAmount currencyID="PEN">0</cbc:TaxAmount>
      <cac:TaxSubtotal>
        <cbc:TaxableAmount currencyID="PEN">15.00</cbc:TaxableAmount>
        <cbc:TaxAmount currencyID="PEN">0</cbc:TaxAmount>
        <cac:TaxCategory>
          <cbc:Percent>18</cbc:Percent>
          <cbc:TaxExemptionReasonCode listAgencyName="PE:SUNAT" listName="Afectacion del IGV" listURI="urn:pe:gob:sunat:cpe:see:gem:catalogos:catalogo07">20</cbc:TaxExemptionReasonCode>
          <cac:TaxScheme>
            <cbc:ID schemeAgencyName="PE:SUNAT" schemeID="UN/ECE 5153" schemeName="Codigo de tributos">9997</cbc:ID>
            <cbc:Name>EXO</cbc:Name>
            <cbc:TaxTypeCode>VAT</cbc:TaxTypeCode>
          </cac:TaxScheme>
        </cac:TaxCategory>
      </cac:TaxSubtotal>
    </cac:TaxTotal>
    <cac:Item>
      <cbc:Description>PRUEBA2</cbc:Description>
      <cac:SellersItemIdentification>
        <cbc:ID>20</cbc:ID>
      </cac:SellersItemIdentification>
    </cac:Item>
    <cac:Price>
      <cbc:PriceAmount currencyID="PEN">15</cbc:PriceAmount>
    </cac:Price>
  </cac:CreditNoteLine>
</CreditNote>
